OriginalOrder,MaxTime,OverallRank,MaxAS,FinishRank,bib_number,as01_arr_rank,as01_arr_tod,as01_arr_rank2,as02_arr_rank,as02_arr_tod,as03_arr_rank,as03_arr_tod,as03_dep_tod,as04_arr_rank,as04_arr_tod,as04_dep_tod,as05_arr_rank,as05_arr_tod,as05_dep_tod,as06_arr_rank,as06_arr_tod,as06_dep_tod,as07_arr_rank,as07_arr_tod,as07_dep_tod,as08_arr_rank,as08_arr_tod,as08_dep_tod,as09_arr_rank,as09_arr_tod,as09_dep_tod,as10_arr_rank,as10_arr_tod,as10_dep_tod,as11_arr_rank,as11_arr_tod,as11_dep_tod,as12_arr_rank,as12_arr_tod,as12_dep_tod,as13_arr_rank,as13_arr_tod,as13_dep_tod,as14_arr_rank,as14_arr_tod,as14_dep_tod,as15_arr_rank,as15_arr_tod,as15_dep_tod,as16_arr_rank,as16_arr_tod,as16_dep_tod,as17_arr_rank,as17_arr_tod
20,22.5,1,FINISH,1,335,7,6:10,7,6,7:19,4,8:37,8:39,3,10:14,10:15,3,11:25,11:27,4,12:42,12:48,4,13:33,13:43,4,15:25,15:27,1,16:33,16:34,1,18:05,18:10,1,19:16,19:18,1,20:51,20:52,1,21:44,21:52,1,22:58,23:02,1,0:52,0:58,1,2:32,2:33,1,3:31
25,24.6,2,FINISH,2,389,3,6:07,3,2,7:16,3,8:36,8:37,2,10:13,10:15,2,11:25,11:27,3,12:39,12:40,1,13:26,13:27,1,15:22,15:24,2,16:33,16:35,2,18:20,18:28,2,19:50,19:57,2,21:58,22:00,2,23:09,23:14,2,0:55,1:00,2,3:04,3:05,2,4:42,4:42,2,5:34
2,25.5,3,FINISH,3,246,9,6:10,9,5,7:18,5,8:37,8:43,5,10:20,10:22,6,11:33,11:36,6,12:53,12:55,6,13:46,13:53,6,15:45,15:47,5,17:01,17:03,5,18:48,18:59,3,20:13,20:15,3,22:13,22:15,3,23:26,23:36,3,1:05,1:08,3,3:16,3:23,3,5:13,5:16,3,6:30
36,25.8,4,FINISH,4,288,12,6:11,12,15,7:26,10,8:49,8:52,10,10:38,10:41,9,11:53,11:55,7,13:13,13:14,7,14:05,14:14,7,16:14,16:19,7,17:33,17:36,8,19:29,19:39,8,20:58,21:02,5,22:50,22:52,5,23:54,0:01,5,1:32,1:34,5,3:47,3:50,4,5:24,5:26,4,6:45
10,25.9,5,FINISH,5,277,18,6:13,18,13,7:24,6,8:40,8:43,6,10:20,10:22,5,11:33,11:35,5,12:51,12:53,5,13:42,13:48,5,15:43,15:47,6,17:03,17:06,6,18:51,19:00,4,20:16,20:19,4,22:16,22:22,4,23:29,23:39,4,1:10,1:16,4,3:40,3:45,5,5:30,5:32,5,6:52
93,25.9,6,FINISH,6,279,11,6:11,11,16,7:27,17,8:56,9:03,19,10:56,11:00,16,12:22,12:26,13,13:43,13:45,13,14:37,14:48,13,16:51,16:54,11,18:10,18:14,11,20:10,20:30,12,21:55,21:58,10,23:48,23:57,9,0:51,0:58,8,2:24,2:28,6,4:27,4:33,6,6:00,6:00,6,6:53
1,26.3,7,FINISH,7,326,13,6:11,13,11,7:22,12,8:54,8:56,13,10:48,10:50,14,12:21,12:22,17,13:54,13:55,15,14:49,14:52,14,17:02,17:03,14,18:23,18:24,12,20:18,20:18,10,21:44,21:45,9,23:46,23:48,8,0:50,0:54,7,2:22,2:26,7,4:34,4:36,7,6:14,6:14,7,7:17
3,26.4,8,FINISH,8,348,8,6:10,8,8,7:20,7,8:41,8:47,9,10:38,10:41,10,12:04,12:11,9,13:29,13:32,9,14:24,14:35,11,16:45,16:55,12,18:10,18:13,10,20:10,20:24,11,21:50,21:55,11,23:52,23:57,11,1:01,1:09,10,2:37,2:48,9,4:42,4:47,9,6:21,6:25,8,7:23
9,26.5,9,FINISH,9,349,17,6:13,17,12,7:23,8,8:42,8:45,7,10:28,10:29,8,11:50,11:50,8,13:23,13:24,8,14:14,14:22,8,16:27,16:29,8,17:41,17:42,7,19:28,19:35,7,20:57,20:59,8,23:09,23:12,7,0:27,0:37,6,2:12,2:17,8,4:34,4:40,8,6:18,6:18,9,7:29
94,27.6,10,FINISH,10,235,5,6:09,5,4,7:18,13,8:55,9:02,16,10:54,11:01,18,12:26,12:33,16,13:54,13:55,17,14:54,15:01,15,17:05,17:12,15,18:25,18:29,15,20:18,20:35,13,21:58,22:03,13,0:12,0:18,13,1:31,1:42,11,3:21,3:28,10,5:53,6:00,10,7:26,7:26,10,8:36
6,27.8,11,FINISH,11,221,55,6:28,55,35,7:42,27,9:10,9:15,22,11:04,11:06,25,12:40,12:43,24,14:12,14:14,23,15:08,15:13,18,17:20,17:23,16,18:39,18:43,16,20:52,21:30,15,22:42,22:45,15,0:55,1:00,14,2:12,2:18,12,3:55,4:00,11,6:16,6:20,11,7:54,7:54,11,8:49
4,28,12,FINISH,12,271,86,6:40,85,81,8:02,68,9:45,9:51,48,11:41,11:43,34,13:09,13:14,31,14:38,14:41,25,15:27,15:31,26,17:45,17:49,24,19:02,19:06,19,21:03,21:21,16,22:46,22:53,16,1:05,1:11,16,2:17,2:25,13,3:59,4:04,12,6:18,6:25,12,7:56,7:56,12,9:01
15,28.6,13,FINISH,13,315,24,6:18,24,19,7:28,16,8:55,8:56,11,10:44,10:46,11,12:10,12:12,10,13:29,13:32,10,14:25,14:30,10,16:42,16:46,13,18:10,18:12,13,20:17,20:34,14,22:18,22:26,14,0:48,0:54,15,2:16,2:45,15,4:38,4:43,18,7:27,7:31,14,8:49,8:49,13,9:35
7,28.8,14,FINISH,14,259,31,6:20,32,27,7:34,21,9:04,9:10,17,10:56,10:57,17,12:26,12:33,22,14:02,14:06,22,15:07,15:20,22,17:30,17:36,22,19:00,19:03,20,21:04,21:28,20,23:03,23:09,17,1:07,1:11,17,2:23,2:32,14,4:09,4:16,14,6:42,6:58,13,8:36,8:38,14,9:45
27,28.9,15,FINISH,15,272,14,6:12,14,14,7:25,11,8:49,8:54,15,10:49,10:52,15,12:21,12:23,14,13:48,13:50,14,14:44,14:58,17,17:19,17:28,17,18:46,18:54,17,20:52,21:14,17,22:47,22:58,18,1:11,1:23,18,2:32,3:21,19,4:59,5:08,16,7:21,7:23,15,8:53,8:53,15,9:52
107,29.1,16,FINISH,16,368,27,6:19,27,29,7:35,22,9:05,9:17,23,11:05,11:08,21,12:30,12:35,20,13:59,14:02,20,15:00,15:39,21,17:29,17:34,18,18:50,18:54,18,20:55,21:22,19,22:53,22:58,20,1:13,1:20,20,2:46,3:16,18,4:48,4:56,19,7:31,7:40,19,9:16,9:17,16,10:06
106,29.3,17,FINISH,17,243,96,6:43,94,95,8:06,81,9:50,9:53,55,11:54,11:56,53,13:32,13:34,47,15:02,15:05,40,16:04,16:17,34,18:28,18:30,32,19:49,19:50,28,21:55,22:02,24,23:33,23:36,23,1:51,1:53,23,3:16,3:33,20,5:08,5:10,20,7:31,7:33,16,9:11,9:11,17,10:16
5,29.4,18,FINISH,18,256,103,6:45,67,45,7:48,34,9:22,9:26,27,11:16,11:20,27,12:50,12:54,26,14:24,14:28,25,15:27,15:32,25,17:43,17:57,26,19:20,19:24,22,21:20,21:38,21,23:06,23:19,22,1:38,1:57,22,3:06,3:19,17,4:47,4:59,17,7:22,7:30,18,9:15,9:17,18,10:21
8,29.6,19,FINISH,19,391,79,6:37,78,68,7:56,41,9:30,9:33,33,11:28,11:29,32,13:05,13:06,30,14:38,14:40,31,15:47,15:55,30,18:05,18:07,27,19:31,19:32,26,21:35,21:40,22,23:14,23:15,21,1:29,1:31,21,3:03,3:09,16,4:43,4:46,15,7:14,7:27,17,9:15,9:16,19,10:34
104,30.2,20,FINISH,20,287,25,6:18,25,31,7:36,25,9:07,9:12,24,11:06,11:08,20,12:30,12:32,19,13:56,13:58,18,14:54,15:02,19,17:22,17:30,19,18:51,18:54,21,21:07,21:19,18,22:53,22:58,19,1:11,1:23,19,2:43,4:04,23,6:04,6:18,23,8:39,8:43,21,10:09,10:10,20,11:13
44,30.5,21,FINISH,21,209,23,6:18,23,23,7:33,26,9:08,9:21,29,11:19,11:23,28,12:54,12:59,34,14:46,14:49,34,15:53,16:18,35,18:29,18:34,33,19:56,20:01,31,22:26,23:03,32,0:41,0:46,31,3:02,3:09,28,4:30,4:54,24,6:24,6:29,24,8:40,8:46,22,10:16,10:17,21,11:29
14,30.8,22,FINISH,22,370,60,6:30,59,54,7:53,44,9:32,9:41,44,11:39,11:42,39,13:15,13:19,35,14:50,14:52,33,15:51,16:02,33,18:27,18:31,35,20:02,20:04,33,22:36,22:55,31,0:32,0:36,30,3:00,3:06,30,4:39,4:59,26,6:39,6:45,25,9:05,9:10,24,10:37,10:37,22,11:46
22,30.8,23,FINISH,23,327,64,6:31,63,55,7:54,46,9:36,9:40,41,11:38,11:40,37,13:14,13:17,37,14:54,14:57,36,16:01,16:06,32,18:26,18:30,34,20:00,20:01,32,22:32,22:42,30,0:23,0:31,28,2:49,2:50,25,4:17,4:21,22,6:03,6:05,21,8:37,8:39,23,10:26,10:27,23,11:47
162,30.9,24,FINISH,24,355,30,6:20,31,38,7:44,31,9:21,9:26,32,11:26,11:29,35,13:09,13:14,36,14:53,14:52,35,15:57,16:11,45,18:51,19:00,43,20:23,20:27,36,22:43,23:02,34,0:41,0:46,33,3:10,3:19,32,4:45,4:57,29,6:45,6:59,26,9:09,9:15,26,10:46,10:48,24,11:52
21,31,25,FINISH,25,276,2,6:06,2,10,7:22,20,9:02,9:03,21,11:04,11:05,23,12:32,12:34,25,14:19,14:20,28,15:30,15:32,27,17:56,18:06,28,19:34,19:36,27,21:52,22:06,27,23:50,23:53,25,2:33,2:34,24,4:01,4:03,21,6:00,6:02,22,8:38,8:39,25,10:39,10:39,25,11:58
105,31.1,26,FINISH,26,267,1,6:06,1,1,7:10,2,8:31,8:33,4,10:14,10:15,4,11:26,11:27,2,12:35,12:36,1,13:26,13:27,2,15:25,15:23,4,16:42,16:43,4,18:48,18:57,5,20:18,20:20,6,22:52,22:53,6,0:15,0:27,9,2:28,2:32,13,6:34,6:40,20,9:42,9:43,26,12:08
19,31.4,27,FINISH,27,346,15,6:12,15,20,7:29,19,9:00,9:03,18,10:56,11:00,22,12:31,12:35,21,14:00,14:05,21,15:07,15:15,23,17:30,17:37,25,19:03,19:07,24,21:29,21:40,26,23:34,23:46,26,2:35,2:53,27,4:29,4:50,28,6:45,6:54,28,9:20,9:29,27,11:17,11:18,27,12:23
142,31.5,28,FINISH,28,283,54,6:28,53,57,7:55,70,9:46,9:58,59,12:01,12:06,58,13:47,13:55,58,15:25,15:30,56,16:34,16:48,49,19:02,19:12,50,20:39,20:46,41,23:01,23:21,38,1:00,1:08,34,3:17,3:21,33,4:48,5:19,33,7:02,7:08,30,9:36,9:41,28,11:18,11:18,28,12:28
49,31.6,29,FINISH,29,303,38,6:22,39,39,7:45,36,9:25,9:30,31,11:25,11:28,30,13:01,13:04,28,14:34,14:39,29,15:36,15:43,29,18:03,18:08,30,19:36,19:41,30,22:05,22:18,29,0:15,0:22,29,3:00,3:08,29,4:32,4:44,27,6:39,6:47,27,9:17,9:28,29,11:19,11:20,29,12:35
72,31.9,30,FINISH,30,324,40,6:23,41,49,7:52,48,9:36,9:41,43,11:39,11:43,50,13:29,13:33,53,15:12,15:14,49,16:21,16:51,46,18:52,18:57,44,20:24,20:27,39,22:44,22:55,35,0:41,0:45,36,3:19,3:22,35,4:56,5:13,31,7:01,7:05,33,9:42,9:50,33,11:39,11:41,30,12:54
26,31.9,31,FINISH,31,285,88,6:41,87,71,7:57,62,9:44,9:53,57,11:57,12:01,56,13:46,13:50,57,15:24,15:30,55,16:32,16:52,53,19:10,19:15,51,20:43,20:49,42,23:02,23:35,41,1:13,1:18,39,3:39,3:45,37,5:11,5:28,32,7:01,7:04,29,9:36,9:45,30,11:30,11:32,31,12:55
13,31.9,32,FINISH,32,244,52,6:27,51,50,7:52,49,9:36,9:40,47,11:40,11:42,47,13:23,13:24,49,15:03,15:05,44,16:11,16:17,40,18:42,18:49,41,20:20,20:22,40,22:51,22:58,36,0:46,0:48,35,3:18,3:20,34,4:53,5:01,30,7:01,7:02,31,9:37,9:39,31,11:35,11:35,32,12:56
108,31.9,33,FINISH,33,264,83,6:39,82,91,8:04,83,9:51,9:55,58,11:58,12:01,61,13:49,13:52,59,15:27,15:30,58,16:40,16:48,50,19:02,19:06,46,20:34,20:38,47,23:13,23:30,40,1:12,1:17,42,3:53,3:57,42,5:25,5:31,36,7:16,7:20,34,9:46,9:49,32,11:36,11:37,33,12:56
52,32.4,34,FINISH,34,234,112,6:48,108,105,8:11,91,9:55,9:59,65,12:04,12:08,67,13:53,13:56,61,15:32,15:34,60,16:45,16:54,51,19:03,19:07,45,20:31,20:33,43,23:03,23:13,37,0:53,0:56,37,3:22,3:27,36,5:04,5:22,35,7:07,7:10,32,9:42,9:48,34,11:46,11:47,34,13:22
123,32.6,35,FINISH,35,289,107,6:47,103,103,8:10,99,10:00,10:12,93,12:24,12:27,78,14:06,14:08,80,15:54,15:55,76,17:04,17:30,75,19:59,20:07,76,21:39,21:44,62,0:07,0:19,51,2:06,2:07,48,4:35,4:41,45,6:08,6:20,41,7:58,8:06,40,10:29,10:40,37,12:32,12:33,35,13:36
41,32.7,36,FINISH,36,251,58,6:30,57,44,7:47,39,9:25,9:28,40,11:37,11:40,44,13:20,13:22,42,14:57,14:59,38,16:03,16:08,36,18:31,18:35,36,20:09,20:12,38,22:43,23:01,42,1:19,1:24,41,3:53,3:55,41,5:24,5:36,38,7:32,7:36,36,10:17,10:23,35,12:19,12:19,36,13:41
29,32.7,37,FINISH,37,231,90,6:41,89,72,7:57,66,9:45,9:55,68,12:05,12:11,63,13:51,13:53,67,15:38,15:40,64,16:48,17:03,62,19:36,19:40,64,21:20,21:23,60,23:56,0:40,54,2:13,2:17,51,4:40,4:46,44,6:03,6:21,54,8:38,8:43,45,10:55,11:00,38,12:35,12:35,37,13:42
33,33.1,38,FINISH,38,298,135,6:54,131,126,8:19,103,10:05,10:15,104,12:29,12:35,92,14:14,14:17,84,15:58,15:59,79,17:10,17:37,82,20:02,20:06,72,21:35,21:38,65,0:12,0:31,52,2:08,2:13,47,4:33,4:35,43,6:00,6:27,40,7:57,7:58,38,10:27,10:41,40,12:42,12:44,38,14:04
100,33.1,39,FINISH,39,379,117,6:50,114,113,8:12,101,10:01,10:02,81,12:15,12:16,81,14:07,14:08,82,15:56,15:57,81,17:11,17:16,70,19:45,19:48,61,21:18,21:20,53,23:48,0:00,49,1:50,1:52,52,4:43,4:47,50,6:29,6:44,51,8:31,8:33,49,11:00,11:03,45,12:54,12:54,39,14:05
164,33.1,40,FINISH,40,225,35,6:21,36,40,7:47,58,9:41,9:53,70,12:06,12:10,65,13:53,13:56,64,15:37,15:40,63,16:48,17:05,60,19:33,19:36,60,21:17,21:20,61,0:03,0:34,58,2:23,2:26,58,5:00,5:02,54,6:36,6:38,48,8:22,8:29,42,10:50,10:52,41,12:50,12:52,40,14:05
42,33.1,41,FINISH,41,331,93,6:42,91,82,8:02,76,9:47,9:51,62,12:01,12:09,73,13:59,14:03,69,15:43,15:47,73,17:00,17:07,58,19:33,19:38,62,21:18,21:32,67,0:17,0:39,59,2:24,2:28,65,5:36,5:46,67,7:26,7:34,60,9:07,9:15,56,11:22,11:27,43,12:53,12:55,41,14:05
65,33.1,42,FINISH,42,249,92,6:42,90,75,7:58,57,9:41,9:53,51,11:48,11:53,48,13:24,13:28,45,15:00,15:08,46,16:15,16:41,48,18:56,19:09,42,20:23,20:27,34,22:40,23:17,39,1:05,1:16,40,3:40,3:53,40,5:22,6:12,42,7:59,8:08,37,10:18,10:37,39,12:37,12:41,42,14:05
159,33.1,43,FINISH,43,373,43,6:24,43,47,7:51,45,9:33,9:34,38,11:36,11:37,43,13:17,13:18,41,14:57,14:59,43,16:08,16:10,39,18:40,18:42,39,20:19,20:21,46,23:07,23:36,44,1:26,1:33,45,4:29,4:34,46,6:15,6:20,43,8:11,8:15,47,10:55,10:59,42,12:52,12:53,43,14:06
101,33.3,44,FINISH,44,297,22,6:18,22,24,7:33,24,9:06,9:12,26,11:08,11:10,26,12:40,12:42,27,14:24,14:26,25,15:27,15:35,28,17:57,18:06,29,19:34,19:36,29,21:58,22:22,28,0:03,0:12,32,3:04,3:13,38,5:14,5:47,39,7:53,8:02,50,11:02,11:07,44,12:53,12:54,44,14:15
61,33.4,45,FINISH,45,384,4,6:09,4,7,7:19,18,8:59,9:02,20,11:03,11:05,19,12:29,12:31,18,13:55,13:58,19,14:57,15:01,20,17:24,17:31,23,19:02,19:06,25,21:30,21:52,25,23:34,23:37,24,2:23,2:27,26,4:21,4:29,25,6:39,6:44,35,9:51,9:56,36,12:25,12:29,45,14:22
68,33.5,46,FINISH,46,282,113,6:49,109,116,8:15,114,10:07,10:15,96,12:25,12:31,98,14:21,14:27,112,16:25,16:31,105,17:45,18:01,97,20:33,20:43,97,22:26,22:33,86,1:13,1:45,76,3:39,3:43,74,6:15,6:19,68,7:26,7:31,58,8:58,8:59,54,11:16,11:23,51,13:17,13:18,46,14:28
103,33.6,47,FINISH,47,229,127,6:52,122,119,8:15,105,10:05,10:09,106,12:29,12:34,108,14:26,14:31,97,16:13,16:19,96,17:30,17:53,95,20:29,20:37,92,22:19,22:26,78,0:55,1:08,65,2:45,2:50,59,5:03,5:08,51,6:31,6:41,49,8:24,8:31,48,10:59,11:08,48,13:05,13:08,47,14:34
83,33.7,48,FINISH,48,222,68,6:32,68,63,7:56,47,9:36,9:46,42,11:38,11:41,38,13:15,13:17,43,14:58,15:00,51,16:23,16:45,54,19:10,19:21,55,21:02,21:07,52,23:40,23:54,48,1:47,1:50,46,4:33,4:39,47,6:18,6:30,45,8:11,8:15,46,10:55,10:57,46,13:02,13:03,48,14:42
95,33.7,49,FINISH,49,223,61,6:30,60,42,7:47,35,9:23,9:31,37,11:33,11:38,42,13:16,13:25,48,15:03,15:08,47,16:16,16:44,52,19:10,19:15,48,20:36,20:45,48,23:15,23:37,43,1:21,1:25,43,4:01,4:14,58,6:41,7:01,50,8:25,8:32,43,10:53,11:12,47,13:05,13:12,49,14:43
160,33.8,50,FINISH,50,250,74,6:34,73,79,8:01,78,9:47,10:00,73,12:10,12:16,74,14:00,14:05,71,15:46,15:50,70,16:58,17:23,73,19:50,20:05,73,21:37,21:45,63,0:09,0:34,56,2:20,2:26,55,4:57,5:05,53,6:36,7:06,53,8:37,8:43,52,11:13,11:17,50,13:14,13:15,50,14:50
84,34,51,FINISH,51,290,29,6:20,29,25,7:33,23,9:06,9:08,25,11:08,11:10,24,12:37,12:38,23,14:09,14:11,24,15:14,15:17,24,17:38,17:42,21,19:00,19:02,23,21:22,21:32,23,23:32,23:36,27,2:43,2:47,31,4:41,4:49,34,7:02,7:08,39,10:28,10:42,49,13:07,13:09,51,14:59
31,34.1,52,FINISH,52,230,34,6:21,35,33,7:39,28,9:10,9:33,34,11:29,11:36,33,13:09,13:17,33,14:46,14:48,37,16:01,16:22,42,18:46,19:15,56,21:04,21:11,56,23:52,0:53,67,2:59,3:18,62,5:26,5:33,49,6:27,6:36,44,8:11,8:17,44,10:54,11:08,52,13:21,13:26,52,15:03
62,34.1,53,FINISH,53,216,104,6:45,100,98,8:08,86,9:54,10:04,88,12:21,12:37,99,14:21,14:32,92,16:08,16:25,85,17:21,17:55,93,20:24,20:34,89,22:16,22:25,76,0:50,0:56,66,2:52,2:56,61,5:23,5:27,61,6:55,7:13,56,8:52,9:00,57,11:34,11:52,56,13:46,13:49,53,15:07
144,34.1,54,FINISH,54,226,125,6:52,118,112,8:12,110,10:07,10:15,108,12:29,12:34,101,14:21,14:25,105,16:18,16:22,98,17:34,17:46,103,20:43,20:44,101,22:31,22:35,91,1:18,1:30,70,3:16,3:20,70,5:56,6:00,70,7:31,7:40,67,9:22,9:25,62,11:58,11:59,57,13:49,13:49,54,15:07
28,34.2,55,FINISH,55,334,147,6:57,143,141,8:25,127,10:19,10:28,121,12:46,12:47,110,14:27,14:29,93,16:08,16:12,84,17:21,17:35,76,19:59,20:04,78,21:44,21:51,73,0:37,0:54,60,2:29,2:32,56,4:58,5:02,60,6:42,6:55,52,8:35,8:41,53,11:14,11:22,54,13:27,13:30,55,15:11
35,34.3,56,FINISH,56,210,149,6:58,145,137,8:24,130,10:19,10:32,117,12:45,12:49,116,14:38,14:42,113,16:26,16:32,101,17:40,18:06,102,20:39,20:44,94,22:19,22:26,95,1:21,1:30,72,3:17,3:21,67,5:44,5:49,63,7:16,7:33,64,9:14,9:20,59,11:49,11:59,58,13:55,13:57,56,15:19
69,34.4,57,FINISH,57,242,133,6:53,129,125,8:19,121,10:12,10:20,109,12:31,12:36,102,14:22,14:29,102,16:16,16:21,94,17:30,17:44,86,20:15,20:37,93,22:19,22:28,87,1:13,1:27,69,3:14,3:21,69,5:45,5:51,65,7:21,7:29,62,9:08,9:20,60,11:51,11:58,59,13:55,13:57,57,15:21
24,34.4,58,FINISH,58,268,144,6:57,140,139,8:25,134,10:21,10:26,125,12:49,12:59,124,14:51,14:57,125,16:56,16:56,119,18:07,18:29,112,21:06,21:13,110,23:00,23:08,105,1:56,2:15,83,4:00,4:06,78,6:23,6:24,69,7:26,7:40,66,9:22,9:29,64,11:59,12:07,60,14:00,14:02,58,15:22
126,34.4,59,FINISH,59,380,72,6:33,70,77,8:00,97,9:58,10:02,89,12:21,12:25,77,14:04,14:10,75,15:50,15:52,74,17:02,17:14,65,19:41,19:45,71,21:35,21:38,68,0:19,0:28,53,2:11,2:16,54,4:49,4:53,48,6:27,6:35,46,8:22,8:28,51,11:07,11:12,53,13:26,13:27,59,15:24
47,34.4,60,FINISH,60,214,36,6:22,37,36,7:43,42,9:31,9:38,54,11:51,11:53,55,13:43,13:47,60,15:31,15:34,59,16:43,16:56,57,19:26,19:29,57,21:08,21:12,59,23:54,0:17,61,2:31,2:34,68,5:45,6:11,75,7:47,7:56,72,9:49,9:52,67,12:11,12:13,61,14:02,14:03,60,15:24
63,34.5,61,FINISH,61,258,56,6:28,56,59,7:56,54,9:40,9:50,53,11:51,11:54,54,13:33,13:36,56,15:16,15:18,54,16:27,16:44,55,19:13,19:17,53,20:54,21:01,58,23:53,0:13,62,2:33,2:40,63,5:35,5:38,66,7:22,7:42,65,9:22,9:26,61,11:56,12:08,62,14:04,14:05,61,15:32
23,34.6,62,FINISH,62,204,62,6:31,61,66,7:56,67,9:45,9:55,69,12:06,12:11,66,13:53,13:57,70,15:44,15:49,66,16:54,17:22,68,19:43,19:50,66,21:24,21:30,55,23:52,0:34,63,2:33,2:39,60,5:18,5:26,62,6:56,7:17,61,9:07,9:21,63,11:59,12:08,63,14:05,14:09,62,15:35
46,34.8,63,FINISH,63,201,148,6:57,144,144,8:26,126,10:16,10:31,124,12:47,12:51,112,14:31,14:36,104,16:16,16:18,91,17:27,17:35,89,20:17,20:25,86,22:05,23:07,107,1:58,2:07,84,4:00,4:05,83,6:41,6:43,78,8:00,8:00,71,9:43,9:52,75,12:34,12:43,67,14:39,14:40,63,15:47
102,35,64,FINISH,64,270,69,6:32,67,64,7:56,60,9:42,10:01,60,12:01,12:03,57,13:46,13:49,54,15:14,15:18,52,16:25,16:43,56,19:16,19:30,54,21:01,21:07,57,23:53,0:22,55,2:13,2:20,50,4:40,4:52,57,6:37,7:07,57,8:55,9:08,65,12:00,12:12,64,14:13,14:18,64,16:00
11,35,65,FINISH,65,266,87,6:40,86,83,8:02,69,9:46,9:48,50,11:47,11:49,49,13:28,13:30,39,14:54,14:58,39,16:03,16:07,38,18:40,18:42,37,20:13,20:15,37,22:43,22:48,33,0:41,0:45,38,3:38,3:41,39,5:18,5:22,37,7:26,7:28,41,10:36,10:42,55,13:31,13:32,65,16:02
53,35.1,66,FINISH,66,358,59,6:30,58,67,7:56,73,9:47,10:06,77,12:13,12:18,85,14:07,14:14,88,16:02,16:08,87,17:25,17:44,90,20:18,20:45,100,22:29,22:38,99,1:42,2:00,82,3:49,3:54,76,6:20,6:28,74,7:44,7:52,69,9:35,9:46,71,12:24,12:30,69,14:43,14:44,66,16:06
73,35.1,67,FINISH,67,366,51,6:27,50,41,7:47,43,9:31,9:35,45,11:39,11:42,45,13:21,13:24,50,15:04,15:05,41,16:07,16:13,44,18:49,19:11,52,20:53,21:01,54,23:49,0:01,50,2:06,2:14,64,5:36,5:47,72,7:35,7:49,70,9:38,9:44,70,12:24,12:30,68,14:43,14:44,67,16:06
118,35.2,68,FINISH,68,308,158,6:59,154,152,8:35,145,10:40,10:44,139,13:09,13:14,138,15:12,15:16,136,17:10,17:15,133,18:30,18:56,130,21:54,22:04,127,0:08,0:10,120,3:03,3:11,96,5:11,5:15,94,7:55,7:55,91,9:03,9:05,87,10:36,10:39,80,12:59,13:03,75,14:54,14:54,68,16:09
161,35.2,69,FINISH,69,305,39,6:23,40,48,7:51,51,9:37,9:49,52,11:49,11:51,52,13:32,13:35,52,15:09,15:10,50,16:21,16:29,47,18:55,18:59,49,20:37,20:41,51,23:39,0:00,47,1:46,1:50,53,4:45,4:52,56,6:37,7:02,55,8:51,9:01,58,11:45,12:10,65,14:22,14:28,69,16:11
114,35.3,70,FINISH,70,374,109,6:47,106,109,8:12,109,10:07,10:16,90,12:21,12:26,84,14:07,14:10,86,16:00,16:11,92,17:28,17:40,91,20:19,20:29,85,22:05,22:14,80,1:00,1:17,68,3:12,3:29,71,6:06,6:17,71,7:33,7:37,68,9:27,9:31,68,12:12,12:27,70,14:44,14:44,70,16:16
82,35.3,71,FINISH,71,337,132,6:53,128,127,8:19,120,10:12,10:15,114,12:42,12:45,118,14:40,14:44,118,16:41,16:44,120,18:08,18:13,111,20:59,21:03,104,22:49,22:53,106,1:57,2:03,88,4:20,4:22,88,7:13,7:15,87,8:43,8:48,80,10:18,10:20,76,12:52,12:54,77,14:56,14:57,71,16:16
109,35.3,72,FINISH,72,224,114,6:49,110,108,8:12,102,10:05,10:11,84,12:18,12:20,82,14:07,14:13,83,15:56,15:57,80,17:11,17:22,74,19:51,19:57,69,21:35,21:43,71,0:31,0:40,64,2:48,2:48,66,5:43,5:49,64,7:20,7:26,63,9:08,9:15,66,12:08,12:14,66,14:35,14:35,72,16:17
50,35.3,73,FINISH,73,385,142,6:56,138,135,8:23,124,10:15,10:23,113,12:38,12:42,113,14:32,14:38,114,16:26,16:35,110,17:57,18:19,104,20:47,20:54,102,22:31,22:37,92,1:19,1:43,74,3:33,3:37,77,6:22,6:28,82,8:22,8:30,73,10:00,10:05,72,12:30,12:37,71,14:44,14:46,73,16:17
17,35.3,74,FINISH,74,356,141,6:56,137,136,8:23,138,10:25,10:41,136,13:03,13:09,130,14:56,15:05,129,17:00,17:07,126,18:24,18:53,122,21:30,21:43,122,23:39,23:46,119,3:02,3:11,94,5:00,5:05,91,7:36,7:39,90,8:56,9:04,84,10:31,10:40,78,12:56,13:04,76,14:56,14:56,74,16:20
132,35.4,75,FINISH,75,381,71,6:32,69,89,8:04,93,9:56,9:58,82,12:18,12:20,88,14:09,14:19,77,15:51,15:54,78,17:09,17:34,85,20:15,20:28,88,22:16,22:27,94,1:20,1:53,80,3:41,3:56,81,6:38,6:43,76,8:00,8:18,74,10:02,10:12,74,12:33,12:54,73,14:48,14:57,75,16:21
124,35.4,76,FINISH,76,314,33,6:21,34,34,7:40,32,9:21,9:30,39,11:36,11:42,46,13:23,13:30,51,15:06,15:14,48,16:19,16:33,43,18:46,18:53,40,20:20,20:27,44,23:03,23:42,45,1:29,1:35,49,4:39,4:48,55,6:37,7:05,59,9:02,9:07,69,12:17,12:30,72,14:48,14:52,76,16:24
125,35.4,77,FINISH,77,284,110,6:48,105,110,8:12,116,10:07,10:20,119,12:45,12:49,121,14:44,14:50,122,16:47,16:56,121,18:12,18:32,113,21:07,21:16,115,23:09,23:15,111,2:07,2:30,90,4:28,4:33,89,7:18,7:23,88,8:45,8:51,85,10:33,10:36,83,13:12,13:15,78,15:02,15:04,77,16:25
113,35.5,78,FINISH,78,336,99,6:43,98,99,8:08,89,9:54,10:00,78,12:13,12:18,83,14:07,14:13,85,16:00,16:03,123,18:13,18:21,109,20:57,21:06,109,22:56,23:03,100,1:47,1:55,81,3:49,3:56,80,6:38,6:40,85,8:33,8:33,76,10:02,10:12,73,12:31,12:48,74,14:52,14:56,78,16:29
111,35.5,79,FINISH,79,375,121,6:51,117,123,8:17,123,10:15,10:27,127,12:53,13:00,126,14:52,14:57,119,16:41,16:45,112,17:59,18:10,110,20:58,21:08,105,22:55,23:07,104,1:55,2:08,86,4:08,4:15,86,6:50,6:53,83,8:24,8:31,79,10:16,10:20,81,13:02,13:04,81,15:06,15:08,79,16:29
32,35.6,80,FINISH,80,304,89,6:41,88,97,8:07,107,10:06,10:33,131,12:59,13:03,123,14:49,14:51,124,16:47,16:49,118,18:06,18:39,119,21:17,21:21,117,23:17,23:21,110,2:05,2:27,87,4:08,4:10,82,6:40,6:40,81,8:18,8:24,75,10:02,10:12,77,12:52,13:02,80,15:04,15:05,80,16:33
117,35.6,81,FINISH,81,238,116,6:50,112,122,8:16,117,10:07,10:17,102,12:28,12:32,95,14:20,14:24,91,16:05,16:11,83,17:18,17:28,83,20:06,20:12,79,21:52,21:58,77,0:50,1:22,71,3:17,3:22,72,6:08,6:18,89,8:46,8:52,81,10:25,10:27,79,12:54,13:03,79,15:04,15:05,81,16:36
145,35.7,82,FINISH,82,207,80,6:38,79,86,8:03,75,9:47,9:51,75,12:13,12:17,87,14:08,14:13,95,16:11,16:14,93,17:29,17:48,96,20:30,20:39,95,22:23,22:26,97,1:29,1:46,92,4:43,4:47,92,7:37,7:39,93,9:06,9:07,88,10:45,10:45,84,13:23,13:25,82,15:20,15:21,82,16:42
12,35.7,83,FINISH,83,377,46,6:25,45,65,7:56,87,9:54,10:00,92,12:23,12:29,103,14:22,14:28,100,16:15,16:29,103,17:43,17:59,100,20:38,20:50,98,22:28,22:31,93,1:20,1:45,79,3:45,4:00,85,6:46,6:50,80,8:13,8:25,78,10:16,10:20,82,13:02,13:05,83,15:21,15:23,83,16:44
55,30.3,84,as15,DNF,363,49,6:26,48,62,7:56,50,9:37,9:41,46,11:39,11:45,36,13:13,13:22,44,14:58,15:00,42,16:08,16:20,41,18:42,19:03,47,20:36,20:47,49,23:24,23:53,46,1:45,1:50,44,4:28,4:59,52,6:33,6:36,47,8:22,8:33,55,11:17,,,,,,
30,32.8,85,as15,DNF,330,136,6:55,132,138,8:24,135,10:25,10:34,132,12:59,13:01,125,14:52,14:55,126,17:00,17:06,124,18:22,18:43,121,21:28,21:35,116,23:17,23:25,109,2:05,2:10,85,4:04,4:11,87,6:54,6:57,84,8:24,8:41,83,10:26,10:31,85,13:45,,,,,,
80,33.5,86,as15,DNF,333,119,6:50,115,115,8:14,115,10:07,10:13,98,12:26,12:32,97,14:21,14:27,111,16:25,16:32,106,17:45,18:00,98,20:33,20:50,96,22:26,22:32,89,1:14,1:45,77,3:39,3:43,75,6:20,6:28,79,8:08,8:38,82,10:26,10:32,86,14:30,,,,,,
38,29.2,87,as14,DNF,320,124,6:51,121,118,8:15,104,10:05,10:17,105,12:29,12:35,107,14:26,14:31,96,16:12,16:19,95,17:30,17:53,94,20:29,20:37,91,22:19,22:26,83,1:02,1:15,73,3:21,3:24,73,6:09,6:15,73,7:43,7:52,77,10:12,,,,,,,,,
39,29.6,88,as14,DNF,208,129,6:52,125,101,8:09,96,9:58,10:01,83,12:18,12:21,89,14:10,14:12,90,16:05,16:09,88,17:26,17:34,92,20:20,20:28,90,22:17,22:24,90,1:18,1:31,75,3:38,3:51,79,6:34,6:35,77,8:00,8:16,86,10:36,,,,,,,,,
90,30.5,89,as14,DNF,340,94,6:42,92,104,8:10,112,10:07,10:21,101,12:28,12:31,104,14:22,14:26,101,16:15,16:17,97,17:34,17:50,87,20:15,20:19,87,22:08,22:19,85,1:13,1:39,78,3:44,3:58,84,6:45,6:46,86,8:36,8:53,90,11:30,,,,,,,,,
43,30.5,90,as14,DNF,220,100,6:44,97,117,8:15,118,10:10,10:15,112,12:34,12:39,115,14:37,14:40,117,16:36,16:42,111,17:59,18:02,105,20:52,20:57,106,22:56,22:59,103,1:55,2:03,89,4:22,4:25,90,7:35,7:36,92,9:05,9:06,89,11:30,,,,,,,,,
110,30.8,91,as14,DNF,293,137,6:55,133,147,8:29,151,10:48,10:55,148,13:44,13:46,147,15:48,15:50,145,17:45,17:47,142,19:05,19:16,132,22:11,22:13,126,0:05,0:06,118,2:56,2:59,95,5:08,5:10,93,7:55,7:55,94,9:13,9:13,91,11:45,,,,,,,,,
92,19.9,92,as13,DNF,345,6,6:09,6,3,7:17,1,8:28,8:30,1,10:00,10:01,1,11:11,11:14,1,12:34,12:35,1,13:26,13:27,3,15:25,15:24,3,16:39,16:42,3,18:30,18:53,6,20:32,20:34,7,23:04,23:10,10,0:55,,,,,,,,,,,,
154,20.3,93,as13,DNF,286,10,6:10,10,9,7:22,9,8:42,8:44,8,10:31,10:32,7,11:49,11:50,11,13:33,13:34,11,14:27,14:29,9,16:37,16:39,9,17:56,17:58,9,20:01,20:08,9,21:41,21:42,12,23:59,0:01,12,1:19,,,,,,,,,,,,
16,26,94,as13,DNF,311,97,6:43,95,100,8:09,94,9:57,10:00,80,12:15,12:18,75,14:04,14:11,76,15:51,15:57,68,16:54,17:12,72,19:47,19:38,75,21:37,21:45,64,0:09,0:29,57,2:21,2:26,57,5:00,5:03,59,6:42,7:02,,,,,,,,,,,
74,30.2,95,as13,DNF,309,47,6:25,46,58,7:56,64,9:44,9:49,72,12:07,12:10,71,13:58,14:03,79,15:54,15:55,82,17:16,17:33,88,20:16,20:35,99,22:28,22:31,98,1:39,1:50,91,4:31,4:42,95,8:28,8:49,95,11:11,,,,,,,,,,,,
89,30.3,96,as13,DNF,390,159,6:59,155,157,8:41,150,10:48,10:51,141,13:12,13:14,140,15:13,15:15,131,17:01,17:07,128,18:27,18:41,127,21:39,21:42,125,23:55,0:33,82,1:01,1:14,99,5:45,5:51,97,8:57,9:01,96,11:17,,,,,,,,,,,,
116,30.3,97,as13,DNF,307,145,6:57,141,129,8:19,131,10:19,10:26,128,12:55,13:01,131,14:56,15:01,135,17:06,17:15,131,18:28,18:50,125,21:38,21:48,124,23:40,23:45,115,2:38,2:55,93,4:54,4:57,96,8:52,8:59,97,11:18,,,,,,,,,,,,
122,24.6,98,as11,DNF,388,122,6:51,119,130,8:20,133,10:19,10:23,122,12:47,12:51,122,14:46,14:52,121,16:44,16:49,122,18:13,18:31,114,21:07,21:15,112,23:04,23:18,114,2:16,2:35,97,5:17,5:35,,,,,,,,,,,,,,,,,
18,24.7,99,as11,DNF,292,115,6:49,111,124,8:18,128,10:19,10:21,116,12:44,12:46,119,14:42,14:45,120,16:43,16:46,117,18:06,18:18,116,21:08,21:13,111,23:03,23:08,113,2:16,2:35,98,5:17,5:40,,,,,,,,,,,,,,,,,
112,15.3,100,as10,DNF,339,21,6:16,21,22,7:31,15,8:55,8:58,14,10:49,10:52,12,12:17,12:19,12,13:42,13:44,12,14:35,14:41,12,16:47,16:51,10,18:05,18:08,14,20:18,,,,,,,,,,,,,,,,,,,,,
70,17.7,101,as10,DNF,281,20,6:15,20,30,7:35,30,9:17,9:20,30,11:22,11:23,31,13:03,13:05,29,14:35,14:37,30,15:43,15:52,31,18:08,18:10,31,19:42,19:43,35,22:43,,,,,,,,,,,,,,,,,,,,,
78,18.1,102,as10,DNF,328,16,6:13,16,17,7:28,14,8:55,8:59,12,10:48,10:52,13,12:20,12:22,15,13:50,13:53,16,14:52,14:59,16,17:11,17:18,20,18:51,18:54,45,23:03,,,,,,,,,,,,,,,,,,,,,
129,18.6,103,as10,DNF,325,19,6:14,19,21,7:30,29,9:11,9:20,28,11:18,11:21,29,12:58,13:13,32,14:44,14:48,32,15:50,16:05,37,18:33,18:43,38,20:17,20:39,50,23:36,,,,,,,,,,,,,,,,,,,,,
34,19.3,104,as10,DNF,332,32,6:20,33,32,7:38,37,9:25,9:33,36,11:33,11:37,40,13:15,13:24,46,15:00,15:05,53,16:25,17:06,59,19:33,19:38,63,21:18,21:23,66,0:17,,,,,,,,,,,,,,,,,,,,,
51,19.3,105,as10,DNF,359,67,6:32,66,76,7:59,61,9:43,9:56,79,12:15,12:17,76,14:04,14:06,72,15:47,15:49,71,16:58,17:19,78,20:00,20:06,74,21:37,21:39,69,0:20,,,,,,,,,,,,,,,,,,,,,
66,19.4,106,as10,DNF,211,95,6:43,93,94,8:05,85,9:53,9:56,74,12:10,12:14,70,13:56,13:59,66,15:38,15:41,72,16:59,17:09,66,19:41,19:45,58,21:11,21:15,70,0:24,,,,,,,,,,,,,,,,,,,,,
99,19.5,107,as10,DNF,255,84,6:39,83,78,8:01,63,9:44,9:59,64,12:01,12:06,60,13:49,13:53,63,15:35,15:37,62,16:47,17:11,63,19:36,19:40,59,21:17,21:26,72,0:31,,,,,,,,,,,,,,,,,,,,,
79,19.9,108,as10,DNF,378,108,6:47,104,102,8:10,100,10:00,10:12,94,12:24,12:27,79,14:06,14:08,81,15:54,15:55,75,17:04,17:30,81,20:02,20:10,82,21:54,22:02,79,0:55,,,,,,,,,,,,,,,,,,,,,
45,20,109,as10,DNF,295,77,6:36,76,46,7:51,40,9:29,9:42,56,11:56,11:59,59,13:49,13:53,62,15:37,15:37,65,16:48,17:15,67,19:42,19:50,67,21:31,21:44,81,1:01,,,,,,,,,,,,,,,,,,,,,
120,20.1,110,as10,DNF,310,73,6:33,71,74,7:57,65,9:45,9:52,67,12:04,12:09,64,13:53,13:55,68,15:40,15:41,67,16:54,17:10,71,19:46,19:51,70,21:35,21:52,84,1:04,,,,,,,,,,,,,,,,,,,,,
56,20.2,111,as10,DNF,306,45,6:24,44,53,7:53,56,9:41,9:53,61,12:01,12:05,68,13:53,13:58,73,15:48,15:52,90,17:27,17:31,80,20:01,20:10,80,21:52,22:00,74,0:44,1:14,,,,,,,,,,,,,,,,,,,,
163,20.2,112,as10,DNF,236,44,6:24,43,52,7:53,55,9:41,9:53,63,12:01,12:05,69,13:53,13:58,74,15:48,15:52,89,17:27,17:31,79,20:01,20:10,81,21:53,22:00,75,0:44,1:14,,,,,,,,,,,,,,,,,,,,
86,20.2,113,as10,DNF,302,138,6:55,134,145,8:27,140,10:26,10:35,118,12:45,12:49,111,14:30,14:34,94,16:10,16:14,86,17:25,17:40,84,20:15,20:22,84,22:02,22:11,88,1:14,,,,,,,,,,,,,,,,,,,,,
131,20.5,114,as10,DNF,301,65,6:31,64,69,7:56,52,9:40,9:44,61,12:01,12:08,72,13:58,14:05,78,15:53,15:55,69,16:55,17:18,77,20:00,20:08,83,21:56,22:14,96,1:21,1:30,,,,,,,,,,,,,,,,,,,,
143,20.8,115,as10,DNF,300,101,6:44,99,107,8:12,98,10:00,10:15,111,12:31,12:36,106,14:26,14:29,103,16:16,16:18,99,17:34,17:52,101,21:07,20:43,103,22:31,22:36,101,1:47,,,,,,,,,,,,,,,,,,,,,
81,21,116,as10,DNF,265,82,6:38,81,92,8:05,113,10:07,10:15,103,12:28,12:31,93,14:20,14:25,98,16:13,16:21,109,17:54,17:57,99,20:37,20:44,108,22:56,23:00,108,1:59,,,,,,,,,,,,,,,,,,,,,
37,21,117,as10,DNF,382,48,6:26,47,43,7:47,59,9:42,9:54,86,12:20,12:24,90,14:12,14:19,87,16:01,16:03,77,17:05,17:26,69,19:45,19:54,77,21:44,22:03,102,1:50,2:00,,,,,,,,,,,,,,,,,,,,
98,21.2,118,as10,DNF,343,78,6:37,77,80,8:01,95,9:57,10:10,100,12:26,12:32,94,14:20,14:27,106,16:20,16:22,102,17:41,18:07,107,20:54,21:08,107,22:56,23:00,112,2:12,,,,,,,,,,,,,,,,,,,,,
138,21.7,119,as10,DNF,212,130,6:53,126,121,8:16,111,10:07,10:15,99,12:26,12:28,91,14:13,14:19,89,16:04,16:11,100,17:35,17:55,108,20:55,21:11,114,23:09,23:27,116,2:39,,,,,,,,,,,,,,,,,,,,,
87,21.7,120,as10,DNF,386,118,6:50,113,106,8:12,106,10:05,10:10,110,12:31,12:35,114,14:32,14:38,115,16:33,16:42,115,18:02,18:28,124,21:33,21:45,121,23:35,23:41,117,2:42,,,,,,,,,,,,,,,,,,,,,
57,22.1,121,as10,DNF,387,140,6:56,136,134,8:23,137,10:25,10:41,137,13:03,13:09,128,14:56,15:06,130,17:00,17:07,125,18:24,18:53,123,21:30,21:43,123,23:39,23:46,121,3:05,,,,,,,,,,,,,,,,,,,,,
130,16.3,122,as09,DNF,252,102,6:44,72,88,8:03,80,9:48,9:55,71,12:06,12:10,62,13:51,13:52,65,15:38,15:40,61,16:47,17:05,61,19:36,19:40,65,21:20,,,,,,,,,,,,,,,,,,,,,,,,
152,16.6,123,as09,DNF,233,37,6:22,38,51,7:52,53,9:40,9:44,49,11:46,11:53,51,13:31,13:34,55,15:15,15:21,57,16:35,16:55,64,19:40,19:53,68,21:35,,,,,,,,,,,,,,,,,,,,,,,,
88,18.4,124,as09,DNF,205,75,6:35,74,85,8:03,90,9:55,10:07,97,12:18,12:25,109,14:26,14:34,99,16:15,16:29,104,17:44,18:01,106,20:23,21:06,113,23:08,23:21,,,,,,,,,,,,,,,,,,,,,,,
119,18.5,125,as09,DNF,344,81,6:38,80,87,8:03,74,9:47,9:51,76,12:13,12:17,86,14:08,14:13,107,16:20,16:21,108,17:54,18:34,118,21:17,21:22,118,23:26,23:29,,,,,,,,,,,,,,,,,,,,,,,
77,18.6,126,as09,DNF,323,131,6:53,127,142,8:26,142,10:29,10:33,130,12:58,13:02,134,15:06,15:11,133,17:04,17:08,127,18:27,18:38,120,21:27,21:33,120,23:27,23:33,,,,,,,,,,,,,,,,,,,,,,,
127,18.7,127,as09,DNF,206,53,6:27,52,56,7:54,71,9:46,10:15,95,12:25,12:35,105,14:22,14:20,110,16:25,16:35,113,18:02,18:31,115,21:08,21:21,119,23:27,23:41,,,,,,,,,,,,,,,,,,,,,,,
59,19.3,128,as09,DNF,313,151,6:58,147,154,8:37,144,10:37,10:44,140,13:10,13:15,139,15:12,15:16,134,17:05,17:09,129,18:27,18:35,126,21:38,21:46,128,0:09,0:17,,,,,,,,,,,,,,,,,,,,,,,
85,19.4,129,as09,DNF,342,106,6:46,102,120,8:16,132,10:19,10:31,133,13:00,13:12,135,15:06,15:12,137,17:10,17:18,135,18:39,18:52,128,21:53,22:04,131,0:26,,,,,,,,,,,,,,,,,,,,,,,,
40,19.5,130,as09,DNF,354,126,6:52,123,131,8:21,125,10:15,10:44,135,13:03,13:11,133,15:01,15:10,127,17:00,17:06,130,18:27,18:55,129,21:53,22:04,130,0:23,0:29,,,,,,,,,,,,,,,,,,,,,,,
115,19.5,131,as09,DNF,361,157,6:59,153,153,8:36,149,10:44,10:57,144,13:22,13:24,142,15:19,15:23,139,17:25,17:31,139,18:58,19:16,134,22:20,22:30,133,0:29,,,,,,,,,,,,,,,,,,,,,,,,
137,19.5,132,as09,DNF,350,111,6:48,107,132,8:21,139,10:25,10:43,129,12:58,13:03,129,14:56,15:11,132,17:03,17:13,134,18:32,18:58,133,22:13,22:24,129,0:22,0:30,,,,,,,,,,,,,,,,,,,,,,,
91,19.5,133,as09,DNF,360,76,6:36,75,93,8:05,127,10:16,10:36,134,13:02,13:12,136,15:09,15:18,138,17:18,17:23,137,18:55,19:32,135,22:22,22:32,132,0:26,0:30,,,,,,,,,,,,,,,,,,,,,,,
147,19.7,134,as09,DNF,215,143,6:56,139,143,8:26,141,10:27,10:34,126,12:52,12:58,127,14:53,14:57,123,16:47,16:53,132,18:29,18:54,131,22:09,22:18,134,0:41,0:43,,,,,,,,,,,,,,,,,,,,,,,
76,19.8,135,as09,DNF,316,153,6:59,149,156,8:40,147,10:40,11:15,149,13:44,13:51,145,15:48,15:52,143,17:39,17:43,140,19:04,19:52,136,22:40,22:48,136,0:48,,,,,,,,,,,,,,,,,,,,,,,,
121,19.8,136,as09,DNF,317,154,6:59,150,155,8:38,146,10:40,11:15,150,13:44,13:51,146,15:48,15:52,142,17:39,17:43,141,19:04,19:52,137,22:40,22:48,135,0:48,,,,,,,,,,,,,,,,,,,,,,,,
71,16.2,137,as08,DNF,299,134,6:54,130,128,8:19,122,10:13,10:22,115,12:44,12:49,117,14:40,14:42,116,16:33,16:40,116,18:03,18:17,117,21:13,,,,,,,,,,,,,,,,,,,,,,,,,,,
134,17.7,138,as08,DNF,245,123,6:51,120,146,8:28,143,10:32,10:39,142,13:18,13:28,143,15:31,15:39,141,17:32,17:40,138,18:58,19:16,138,22:42,,,,,,,,,,,,,,,,,,,,,,,,,,,
60,18.1,139,as08,DNF,322,156,6:59,152,140,8:25,136,10:25,10:29,138,13:07,13:15,137,15:12,15:18,144,17:42,17:49,145,19:30,19:38,139,23:03,,,,,,,,,,,,,,,,,,,,,,,,,,,
97,18.1,140,as08,DNF,312,152,6:58,148,151,8:34,152,10:48,10:52,145,13:31,13:35,144,15:35,15:38,146,17:47,17:53,144,19:21,19:31,140,23:08,,,,,,,,,,,,,,,,,,,,,,,,,,,
156,18.3,141,as08,DNF,275,160,6:59,156,158,8:43,153,10:48,10:54,143,13:21,13:23,141,15:19,15:21,140,17:32,17:35,143,19:06,19:15,141,23:17,,,,,,,,,,,,,,,,,,,,,,,,,,,
54,11.2,142,as07,DNF,227,28,6:19,28,37,7:44,38,9:25,9:27,35,11:32,11:33,41,13:15,13:19,40,14:56,14:59,45,16:11,,,,,,,,,,,,,,,,,,,,,,,,,,,,,,
67,12.8,143,as07,DNF,273,120,6:51,116,114,8:13,108,10:06,10:11,107,12:29,12:35,96,14:20,14:25,108,16:20,16:22,107,17:47,,,,,,,,,,,,,,,,,,,,,,,,,,,,,,
58,13,144,as07,DNF,261,57,6:29,54,90,8:04,88,9:54,10:01,87,12:21,12:25,100,14:21,14:22,109,16:22,16:28,114,18:02,,,,,,,,,,,,,,,,,,,,,,,,,,,,,,
149,13.9,145,as07,DNF,329,85,6:40,84,111,8:12,82,9:51,10:05,91,12:23,12:25,120,14:42,14:46,128,17:00,17:07,136,18:55,,,,,,,,,,,,,,,,,,,,,,,,,,,,,,
128,15.3,146,as07,DNF,262,161,6:59,157,161,9:02,157,11:16,11:22,151,14:13,14:16,150,16:22,16:25,148,18:37,18:42,146,20:16,,,,,,,,,,,,,,,,,,,,,,,,,,,,,,
140,15.4,147,as07,DNF,217,139,6:56,135,150,8:33,154,10:49,11:03,147,13:36,13:43,149,15:58,16:05,147,18:26,18:28,147,20:22,,,,,,,,,,,,,,,,,,,,,,,,,,,,,,
136,9.1,148,as05,DNF,269,98,6:43,96,96,8:07,92,9:56,10:02,85,12:18,12:22,80,14:06,,,,,,,,,,,,,,,,,,,,,,,,,,,,,,,,,,,,
135,10,149,as05,DNF,365,66,6:32,65,73,7:57,79,9:48,9:55,120,12:45,13:07,132,14:58,,,,,,,,,,,,,,,,,,,,,,,,,,,,,,,,,,,,
157,11,150,as05,DNF,248,128,6:52,124,148,8:30,148,10:43,10:59,146,13:35,13:42,148,15:58,,,,,,,,,,,,,,,,,,,,,,,,,,,,,,,,,,,,
139,7.8,151,as04,DNF,352,42,6:24,30,28,7:34,77,9:47,9:51,123,12:47,,,,,,,,,,,,,,,,,,,,,,,,,,,,,,,,,,,,,,,
75,4.4,152,as03,DNF,369,26,6:19,26,26,7:34,33,9:21,,,,,,,,,,,,,,,,,,,,,,,,,,,,,,,,,,,,,,,,,,
96,4.8,153,as03,DNF,254,63,6:31,62,70,7:56,72,9:46,,,,,,,,,,,,,,,,,,,,,,,,,,,,,,,,,,,,,,,,,,
133,5.2,154,as03,DNF,362,50,6:26,49,60,7:56,84,9:52,10:10,,,,,,,,,,,,,,,,,,,,,,,,,,,,,,,,,,,,,,,,,
141,5.2,155,as03,DNF,318,146,6:57,142,133,8:22,119,10:10,,,,,,,,,,,,,,,,,,,,,,,,,,,,,,,,,,,,,,,,,,
146,5.8,156,as03,DNF,319,155,6:59,151,149,8:31,155,10:49,,,,,,,,,,,,,,,,,,,,,,,,,,,,,,,,,,,,,,,,,,
150,6.1,157,as03,DNF,202,164,7:00,160,160,8:56,156,11:04,,,,,,,,,,,,,,,,,,,,,,,,,,,,,,,,,,,,,,,,,,
48,2.9,158,as02,DNF,240,70,6:32,68,61,7:56,,,,,,,,,,,,,,,,,,,,,,,,,,,,,,,,,,,,,,,,,,,,
64,3,159,as02,DNF,321,91,6:41,88,84,8:02,,,,,,,,,,,,,,,,,,,,,,,,,,,,,,,,,,,,,,,,,,,,
151,3.9,160,as02,DNF,203,150,6:58,146,159,8:55,,,,,,,,,,,,,,,,,,,,,,,,,,,,,,,,,,,,,,,,,,,,
155,4.2,161,as02,DNF,237,162,7:00,158,162,9:12,,,,,,,,,,,,,,,,,,,,,,,,,,,,,,,,,,,,,,,,,,,,
148,4.2,162,as02,DNF,274,163,7:00,159,163,9:13,,,,,,,,,,,,,,,,,,,,,,,,,,,,,,,,,,,,,,,,,,,,
153,1.4,163,as01,DNF,376,41,6:23,,,,,,,,,,,,,,,,,,,,,,,,,,,,,,,,,,,,,,,,,,,,,,,
158,1.8,164,as01,DNF,372,105,6:46,,,,,,,,,,,,,,,,,,,,,,,,,,,,,,,,,,,,,,,,,,,,,,,
